store_add1,store_add2,store_add3,store_add4
"
        7580 W. Bell Rd","
        Glendale, AZ 85308","
        7580 W. Bell Rd","
        Glendale, AZ 85308"
"
        11732 W Broad St","
        Suite PP1B","
        Richmond, VA 23233","
        11732 W Broad St"
"
        1851 Fountain Dr.","
        Reston, VA 20190","
        1851 Fountain Dr.","
        Reston, VA 20190"
"
        2800 Clarendon Blvd.","
        R-750","
        Arlington, VA 22201","
        2800 Clarendon Blvd."
"
        6191 S. State St","
        Suite 400","
        Murray, UT 84107","
        6191 S. State St"
"
        1455 Lake Woodlands Drive","
        The Woodlands, TX 77380","
        1455 Lake Woodlands Drive","
        The Woodlands, TX 77380"
"
        1200 Main Street","
        Southlake, TX 76092","
        1200 Main Street","
        Southlake, TX 76092"
"
        333 NW Loop 410","
        San Antonio, TX 78216","
        333 NW Loop 410","
        San Antonio, TX 78216"
"
        8460 Parkwood Blvd.","
        Plano, TX 75024","
        8460 Parkwood Blvd.","
        Plano, TX 75024"
"
        5466 FM 1960 West","
        Houston, TX 77069","
        5466 FM 1960 West","
        Houston, TX 77069"
"
        2511 Post Oak Blvd.","
        Houston, TX 77056","
        2511 Post Oak Blvd.","
        Houston, TX 77056"
"
        4601 West Freeway","
        Suite 500","
        Fort Worth, TX 76107","
        4601 West Freeway"
"
        151 East Stacy Road","
        Fairview, TX 75069","
        151 East Stacy Road","
        Fairview, TX 75069"
"
        7700 West Northwest Highway","
        Dallas, TX 75225","
        7700 West Northwest Highway","
        Dallas, TX 75225"
"
        13710 Dallas Parkway","
        Suite B","
        Dallas, TX 75240","
        13710 Dallas Parkway"
"
        18760 Gulf Freeway","
        Friendswood, TX 77546","
        18760 Gulf Freeway","
        Friendswood, TX 77546"
"
        10400 W. North Avenue","
        Wauwatosa, WI 53226","
        10400 W. North Avenue","
        Wauwatosa, WI 53226"
"
        2437 Southcenter Mall","
        Tukwila, WA 98188","
        2437 Southcenter Mall","
        Tukwila, WA 98188"
"
        700 Bellevue Way N.E.","
        Suite 120","
        Bellevue, WA 98004","
        700 Bellevue Way N.E."
"
        8459 Leesburg Pike","
        Vienna, VA 22182","
        8459 Leesburg Pike","
        Vienna, VA 22182"
"
        9629 Research Blvd.","
        Austin, TX 78759","
        9629 Research Blvd.","
        Austin, TX 78759"
"
        4000 Arlington Highlands Blvd","
        Suite 101","
        Arlington, TX 76018","
        4000 Arlington Highlands Blvd"
"
        2121 Green Hills Village Dr","
        Nashville, TN 37215","
        2121 Green Hills Village Dr","
        Nashville, TN 37215"
"
        2130 Exeter Rd","
        Suite 103","
        Germantown, TN 38138","
        2130 Exeter Rd"
"
        150 Hillside Rd","
        Cranston, RI 02920","
        150 Hillside Rd","
        Cranston, RI 02920"
"
        8033 McKnight Road","
        Pittsburgh, PA 15237","
        8033 McKnight Road","
        Pittsburgh, PA 15237"
"
        650 W. Dekalb Pike","
        King of Prussia, PA 19406","
        650 W. Dekalb Pike","
        King of Prussia, PA 19406"
"
        7417 SW Bridgeport Road","
        Tigard, OR 97224","
        7417 SW Bridgeport Road","
        Tigard, OR 97224"
"
        5644 N. Pennsylvania Ave.","
        Oklahoma City, OK 73112","
        5644 N. Pennsylvania Ave.","
        Oklahoma City, OK 73112"
"
        4184 Easton Gateway Drive","
        Columbus, OH 43219","
        4184 Easton Gateway Drive","
        Columbus, OH 43219"
"
        2101 Richmond Rd","
        Beachwood, OH 44122","
        2101 Richmond Rd","
        Beachwood, OH 44122"
"
        5901 East Galbraith Road","
        Suite 130","
        Cincinnati, OH 45236","
        5901 East Galbraith Road"
"
        4601 Creedmoor Rd","
        Suite 100","
        Raleigh, NC 27612","
        4601 Creedmoor Rd"
"
        4345 Barclay Downs Dr","
        Charlotte, NC 28209","
        4345 Barclay Downs Dr","
        Charlotte, NC 28209"
"
        48 Market Street","
        Yonkers, NY 10710","
        48 Market Street","
        Yonkers, NY 10710"
"
        145 Westchester Avenue","
        White Plains, NY 10601","
        145 Westchester Avenue","
        White Plains, NY 10601"
"
        902 Old Country Rd","
        Garden City, NY 11530","
        902 Old Country Rd","
        Garden City, NY 11530"
"
        283 Platinum Ave","
        Suite 1365","
        Staten Island, NY 10314","
        283 Platinum Ave"
"
        629 Sixth Avenue","
        New York, NY 10011","
        629 Sixth Avenue","
        New York, NY 10011"
"
        6600 Menaul Blvd","
        Albuquerque, NM 87110","
        6600 Menaul Blvd","
        Albuquerque, NM 87110"
"
        370 Route 17","
        #1","
        Paramus, NJ 07652","
        370 Route 17"
"
        372 W. Mount Pleasant Ave","
        Livingston, NJ 07039","
        372 W. Mount Pleasant Ave","
        Livingston, NJ 07039"
"
        2000 Route 38","
        OP-2","
        Cherry Hill, NJ 08002","
        2000 Route 38"
"
        335 Chimney Rock Rd","
        Bound Brook, NJ 08805","
        335 Chimney Rock Rd","
        Bound Brook, NJ 08805"
"
        6521 Las Vegas Blvd South","
        C-103","
        Las Vegas, NV 89119","
        6521 Las Vegas Blvd South"
"
        10000 California St","
        Suite 2675","
        Omaha, NE 68114","
        10000 California St"
"
        1769 S. Brentwood Blvd.","
        St. Louis, MO 63144","
        1769 S. Brentwood Blvd.","
        St. Louis, MO 63144"
"
        3825 Gallagher Drive","
        Edina, MN 55435","
        3825 Gallagher Drive","
        Edina, MN 55435"
"
        805 E Big Beaver Rd","
        Troy, MI 48083","
        805 E Big Beaver Rd","
        Troy, MI 48083"
"
        43525 W. Oaks Dr","
        Novi, MI 48377","
        43525 W. Oaks Dr","
        Novi, MI 48377"
"
        210 Andover Street","
        LL01","
        Peabody, MA 01960","
        210 Andover Street"
"
        1265 Worcester Street","
        Natick, MA 01760","
        1265 Worcester Street","
        Natick, MA 01760"
"
        55 Boylston St","
        Chestnut Hill, MA 02467","
        55 Boylston St","
        Chestnut Hill, MA 02467"
"
        1601 Rockville Pike","
        Rockville, MD 20852","
        1601 Rockville Pike","
        Rockville, MD 20852"
"
        2280 Annapolis Mall","
        Annapolis, MD 21401","
        2280 Annapolis Mall","
        Annapolis, MD 21401"
"
        4701 W. 119th St","
        Overland Park, KS 66209","
        4701 W. 119th St","
        Overland Park, KS 66209"
"
        5901 Mills Civic Pkwy","
        #4500","
        West Des Moines, IA 50266","
        5901 Mills Civic Pkwy"
"
        4120 E. 82nd St","
        Indianapolis, IN 46250","
        4120 E. 82nd St","
        Indianapolis, IN 46250"
"
        1460 East Golf Road","
        Schaumburg, IL 60173","
        1460 East Golf Road","
        Schaumburg, IL 60173"
"
        610 Oakbrook Center","
        Oak Brook, IL 60523","
        610 Oakbrook Center","
        Oak Brook, IL 60523"
"
        101 Skokie Blvd.","
        Northbrook, IL 60062","
        101 Skokie Blvd.","
        Northbrook, IL 60062"
"
        150 W. Roosevelt Rd","
        Chicago, IL 60605","
        150 W. Roosevelt Rd","
        Chicago, IL 60605"
"
        908 West North Avenue","
        Chicago, IL 60642","
        908 West North Avenue","
        Chicago, IL 60642"
"
        120 Perimeter Center West","
        Suite 100","
        Atlanta, GA 30346","
        120 Perimeter Center West"
"
        3637 Peachtree Road","
        Suite C","
        Atlanta, GA 30319","
        3637 Peachtree Road"
"
        2740 Old Milton Pkwy","
        Alpharetta, GA 30009","
        2740 Old Milton Pkwy","
        Alpharetta, GA 30009"
"
        4720 W. Spruce Street","
        Tampa, FL 33607","
        4720 W. Spruce Street","
        Tampa, FL 33607"
"
        11201 Legacy Ave","
        Palm Beach Gardens, FL 33410","
        11201 Legacy Ave","
        Palm Beach Gardens, FL 33410"
"
        4088 Millenia Blvd","
        Orlando, FL 32839","
        4088 Millenia Blvd","
        Orlando, FL 32839"
"
        7200 N. Kendall Drive","
        Miami, FL 33156","
        7200 N. Kendall Drive","
        Miami, FL 33156"
"
        500 Seabiscuit Trail","
        Suite 1005","
        Hallandale Beach, FL 33009","
        500 Seabiscuit Trail"
"
        6000 Glades Road","
        Suite 1002","
        Boca Raton, FL 33431","
        6000 Glades Road"
"
        4500 Wisconsin Avenue","
        Washington, DC 20016","
        4500 Wisconsin Avenue","
        Washington, DC 20016"
"
        2200 Fashion Center Blvd","
        Newark, DE 19702","
        2200 Fashion Center Blvd","
        Newark, DE 19702"
"
        8687 Park Meadows Center Drive","
        Lone Tree, CO 80124","
        8687 Park Meadows Center Drive","
        Lone Tree, CO 80124"
"
        51 W. FlatIron Crossing Dr.","
        #ANC02","
        Broomfield, CO 80021","
        51 W. FlatIron Crossing Dr."
"
        1925 Briargate Pkwy","
        Ste. 611","
        Colorado Springs, CO 80920","
        1925 Briargate Pkwy"
"
        3110 E. First Ave","
        Suite 2010","
        Denver, CO 80206","
        3110 E. First Ave"
"
        1100 Locust Street","
        Walnut Creek, CA 94596","
        1100 Locust Street","
        Walnut Creek, CA 94596"
"
        3080 Stevens Creek Blvd.","
        Suite 1000","
        San Jose, CA 95128","
        3080 Stevens Creek Blvd."
"
        26 Fourth Street","
        San Francisco, CA 94103","
        26 Fourth Street","
        San Francisco, CA 94103"
"
        7097 Friars Road","
        San Diego, CA 92108","
        7097 Friars Road","
        San Diego, CA 92108"
"
        2030 Arden Way","
        Sacramento, CA 95825","
        2030 Arden Way","
        Sacramento, CA 95825"
"
        One East Union Street","
        Pasadena, CA 91103","
        One East Union Street","
        Pasadena, CA 91103"
"
        500 Stanford Shopping Center","
        Palo Alto, CA 94304","
        500 Stanford Shopping Center","
        Palo Alto, CA 94304"
"
        450 Town Center Drive","
        Oxnard, CA 93036","
        450 Town Center Drive","
        Oxnard, CA 93036"
"
        110 S. Fairfax Ave.","
        A-17","
        Los Angeles, CA 90036","
        110 S. Fairfax Ave."
"
        710 S Pacific Coast Hwy","
        El Segundo, CA 90245","
        710 S Pacific Coast Hwy","
        El Segundo, CA 90245"
"
        901-G South Coast Drive","
        Costa Mesa, CA 92626","
        901-G South Coast Drive","
        Costa Mesa, CA 92626"
"
        219 Corte Madera Town Center","
        Corte Madera, CA 94925","
        219 Corte Madera Town Center","
        Corte Madera, CA 94925"
"
        10250 Santa Monica Blvd.","
        Suite 218","
        Los Angeles, CA 90067","
        10250 Santa Monica Blvd."
"
        209 North University Avenue","
        Suite 100","
        Little Rock, AR 72205","
        209 North University Avenue"
"
        4500 N. Oracle Rd","
        Tucson, AZ 85705","
        4500 N. Oracle Rd","
        Tucson, AZ 85705"
"
        18550 North Scottsdale Road","
        Phoenix , AZ 85054","
        18550 North Scottsdale Road","
        Phoenix , AZ 85054"
"
        4949 N. 20th Street","
        Phoenix, AZ 85016","
        4949 N. 20th Street","
        Phoenix, AZ 85016"
